SAP,TIENDA,CIUDAD,DEPARTAMENTO,DIRECCION,COORDINADOR,CARGO,TELEFONO
893,Villa del Rosario - Lomitas - Lote No 2 Anillo Vial,Villa del Rosario,Norte de Santander,Anillo Vial No. 12 – 30 Lote 2,Leny Grimaldos,Coordinador Sr Mantenimiento,3102102100
904,Villa del Rosario - Bellavista (QPRO),Villa del Rosario,Norte de Santander,Carrera 7 No. 2-34/42 ,Leny Grimaldos,Coordinador Sr Mantenimiento,3102102100
927,Villa del Rosario - La Palmita (QPRO),Villa del Rosario,Norte de Santander,Carrera 7 No. 16 - 48,Leny Grimaldos,Coordinador Sr Mantenimiento,3102102100
947,Pamplona 4 de Julio (QPRO),Pamplona ,Norte de Santander,Calle 8 No. 7 -102/104,Leny Grimaldos,Coordinador Sr Mantenimiento,3102102100
1032,Malaga - Centro (QPRO),Malaga,Santander,Calle 11 No. 8 - 44 ,Leny Grimaldos,Coordinador Sr Mantenimiento,3102102100
1107,Villa del Rosario - La Esperanza (QPRO),Villa del Rosario,Norte de Santander,Calle 17N # 11-25,Leny Grimaldos,Coordinador Sr Mantenimiento,3102102100
1168,Cucuta - Escobal (QPRO),Cucuta ,Norte de Santander,Anillo Vial Oriental No. 7 – 135 Lote 1,Leny Grimaldos,Coordinador Sr Mantenimiento,3102102100
1449,Villa del Rosario - Universidad (QPRO),Villa del Rosario,Norte de Santander,"Kilómetro 1 No. 3-18/90, Restaurante El Tablazo, del Barrio Villa Antigua",Leny Grimaldos,Coordinador Sr Mantenimiento,3102102100
1462,Villa del Rosario - La Parada (QPRO),Villa del Rosario,Norte de Santander,"Autopista Internacional N° 8 – 64 (70), Barrio La Parada",Leny Grimaldos,Coordinador Sr Mantenimiento,3102102100
513,Cucuta AV 5,Cucuta ,Norte de Santander,Av. 5 No. 11 69,Leny Grimaldos,Coordinador Sr Mantenimiento,3102102100
756,Magdalena Av 20 ,Cucuta ,Norte de Santander,Av 20A No 23-10,Leny Grimaldos,Coordinador Sr Mantenimiento,3102102100
759,Centro Calle 5 ,Cucuta ,Norte de Santander,Avenida 5 No. 5 – 44,Leny Grimaldos,Coordinador Sr Mantenimiento,3102102100
774,Cucuta - Belén Calle 32 (PLT),Cucuta ,Norte de Santander,Calle 32 No. 32-04  ,Leny Grimaldos,Coordinador Sr Mantenimiento,3102102100
775,Centro Calle 10 ,Cucuta ,Norte de Santander,Calle 10 No. 8-24 ,Leny Grimaldos,Coordinador Sr Mantenimiento,3102102100
855,El Zulia (QPRO),Zulia,Norte de Santander,Avenida 1 No 5-47,Leny Grimaldos,Coordinador Sr Mantenimiento,3102102100
1063,Cucuta - San Miguel (QPRO),Cucuta ,Norte de Santander,Avenida 17 No. 9 - 100,Leny Grimaldos,Coordinador Sr Mantenimiento,3102102100
1349,Cucuta - Divina Pastora (QPRO),Cucuta ,Norte de Santander,"Avenida 40 No. 29-37 de la Urbanización Belén de Umbría, Lote 10 de la Manzana Ń",Leny Grimaldos,Coordinador Sr Mantenimiento,3102102100
1358,Cucuta - Centro Avenida 1 (QPRO),Cucuta ,Norte de Santander,Calle 10 No. 0 - 35,Leny Grimaldos,Coordinador Sr Mantenimiento,3102102100
717,Lleras Restrepo ,Cucuta ,Norte de Santander,Avenida 0 No 2N-08 ,Leny Grimaldos,Coordinador Sr Mantenimiento,3102102100
757,La Riviera,Cucuta ,Norte de Santander,Av 9E No 8A-26,Leny Grimaldos,Coordinador Sr Mantenimiento,3102102100
761,Urbanización Los Ángeles ,Cucuta ,Norte de Santander,Calle 17N No. 4 – 36 MZ L,Leny Grimaldos,Coordinador Sr Mantenimiento,3102102100
844,Cucuta La Ceiba (PLT),Cucuta ,Norte de Santander,Calle 5N Lote A Urbanización La Ceiba,Leny Grimaldos,Coordinador Sr Mantenimiento,3102102100
871,Cucuta Caobos (PLT),Cucuta ,Norte de Santander,Calle 15 # 1E - 42,Leny Grimaldos,Coordinador Sr Mantenimiento,3102102100
905,Cucuta - Prados Del Este Calle 9 (QPRO),Cucuta ,Norte de Santander,Calle 9 No. 7A - 101,Leny Grimaldos,Coordinador Sr Mantenimiento,3102102100
1071,Cucuta - Guaimaral (QPRO),Cucuta ,Norte de Santander,Calle 11AN No. 11AE – 32 Lote 4,Leny Grimaldos,Coordinador Sr Mantenimiento,3102102100
1565,Cucuta - Niza (QPRO),Cucuta ,Norte de Santander,Calle 18AN entre Av. 18E y Av. de Rio Lote 1,Leny Grimaldos,Coordinador Sr Mantenimiento,3102102100
716,Cucuta San Rafael,Cucuta ,Norte de Santander,Avenida 1 No. 25-49  ,Leny Grimaldos,Coordinador Sr Mantenimiento,3102102100
783,Los Patios - Centro Calle 23 (QPRO),Los Patios,Norte de Santander,Avenida 10 No 23A – 80 ,Leny Grimaldos,Coordinador Sr Mantenimiento,3102102100
784,Los Patios - Pisarreal Calle 7Sur (QPRO),Los Patios,Norte de Santander,Avenida 10 No 7Sur - 32 ,Leny Grimaldos,Coordinador Sr Mantenimiento,3102102100
793,Los Patios - San Fernando Calle 17,Los Patios,Norte de Santander,Avenida 10 No 2B-35  ,Leny Grimaldos,Coordinador Sr Mantenimiento,3102102100
820,Los Patios - Pinar Del Río Lote 4 (QPRO),Los Patios,Norte de Santander,Avenida 10 No. 62-40,Leny Grimaldos,Coordinador Sr Mantenimiento,3102102100
825,Los Patios - Cordialidad Calle 29 (QPRO),Los Patios,Norte de Santander,Avenida 4 # 29-56,Leny Grimaldos,Coordinador Sr Mantenimiento,3102102100
837,Chinácota Centro Calle 2 (QPRO),Chinacota,Norte de Santander,Carrera 4 No. 2-47/49,Leny Grimaldos,Coordinador Sr Mantenimiento,3102102100
1022,Cucuta - Quinta Oriental (JMV),Cucuta ,Norte de Santander,"Avenida 11 E # 3-22, Manzana K-3, de la Urbanización Quinta Oriental",Leny Grimaldos,Coordinador Sr Mantenimiento,3102102100
911,Floridablanca - Altamira (QPRO),Floridablanca ,Santander,Calle 6 No. 11-29 ,Johnny Garcia,Coordinador Jr Mantenimiento,3235675679
989,Floridablanca - Villabel (QPRO),Floridablanca ,Santander,Carrera 11 No. 17 – 60 Acceso Local 3,Johnny Garcia,Coordinador Jr Mantenimiento,3235675679
1031,Floridablanca - La Cumbre (QPRO),Floridablanca ,Santander,Calle 30 No. 8E-60 ,Johnny Garcia,Coordinador Jr Mantenimiento,3235675679
1122,Giron - La Tolosa (QPRO),Giron,Santander,Carrera 26 No. 25-28,Johnny Garcia,Coordinador Jr Mantenimiento,3235675679
1186,Floridablanca - El Reposo (QPRO),Floridablanca ,Santander,Calle 56 # 14 -51/55,Johnny Garcia,Coordinador Jr Mantenimiento,3235675679
1197,Florida Lagos,Floridablanca ,Santander,Calle 29 # 31 – 68/70/72 ,Johnny Garcia,Coordinador Jr Mantenimiento,3235675679
1202,Lebrija - (QPRO),Lebrija,Santander,Carrera 9 # 11 – 15,Johnny Garcia,Coordinador Jr Mantenimiento,3235675679
1325,Floridablanca - Centro II (QPRO),Floridablanca ,Santander,Calle 11 No 8-08,Johnny Garcia,Coordinador Jr Mantenimiento,3235675679
760,Aeropuerto Calle 5 (PLT),Cucuta ,Norte de Santander,Calle 5 No. 2-10,Leny Grimaldos,Coordinador Sr Mantenimiento,3102102100
872,San Luis (PLT),Cucuta ,Norte de Santander,Avenida 3 No. 12 – 27,Leny Grimaldos,Coordinador Sr Mantenimiento,3102102100
1082,Cucuta - San Martín (QPRO),Cucuta ,Norte de Santander,Avenida 10 No 1N-60 ,Leny Grimaldos,Coordinador Sr Mantenimiento,3102102100
1093,Cucuta - Bellavista (QPRO),Cucuta ,Norte de Santander,Calle 18 A No. 12 – 23,Leny Grimaldos,Coordinador Sr Mantenimiento,3102102100
1115,Cucuta - Pizarro (QPRO),Cucuta ,Norte de Santander,Avenida de las Américas 16 – 150 ,Leny Grimaldos,Coordinador Sr Mantenimiento,3102102100
1359,Cucuta - San Jose de Torcoroma (QPRO),Cucuta ,Norte de Santander,"Avenida 12 No. 11-41 LOTE # S. 18 y 19, Manzana 41 B",Leny Grimaldos,Coordinador Sr Mantenimiento,3102102100
1372,Cucuta - Garcia Herreros (QPRO),Cucuta ,Norte de Santander,Calle 15 entre la Avenida 6 y 7 Barrio El Salado ,Leny Grimaldos,Coordinador Sr Mantenimiento,3102102100
1392,Cucuta - Aguas Calientes (QPRO),Cucuta ,Norte de Santander,"CALLE 17 ENTRE AV 16 Y 17 NO. 16-37, 16-43 Y 16-45 - Aguas
calientes",Leny Grimaldos,Coordinador Sr Mantenimiento,3102102100
805,Socorro Calle 10 (QPRO),Socorro,Santander,Calle 10 No 13-35,Johnny Garcia,Coordinador Jr Mantenimiento,3235675679
937,Piedecuesta - Centro Calle 8 (QPRO),Piedecuesta,Santander,"Calle 8 No 4-82, Carrera 5 No 8-04/06/10",Johnny Garcia,Coordinador Jr Mantenimiento,3235675679
939,Piedecuesta - Barroblanco Calle 17 (QPRO),Piedecuesta,Santander,Calle 117 No. 2W – 81 ,Johnny Garcia,Coordinador Jr Mantenimiento,3235675679
957,Piedecuesta - Hoyogrande (QPRO),Piedecuesta,Santander,"Carrera 6 No 13-15,17,18,21",Johnny Garcia,Coordinador Jr Mantenimiento,3235675679
1043,San Gil - Sagrada Familia (QPRO),San Gil,Santander,Carrera 12 No. 13 – 09,Johnny Garcia,Coordinador Jr Mantenimiento,3235675679
1059,Piedecuesta - Pinares (ALA),Piedecuesta,Santander,Calle 8 No. 12 - 22,Johnny Garcia,Coordinador Jr Mantenimiento,3235675679
1185,San Gil - Centro (QPRO),San Gil,Santander,Carrera 9 # 9 - 72 ,Johnny Garcia,Coordinador Jr Mantenimiento,3235675679
910,Bucaramanga - Villa Rosa (QPRO),Bucaramanga,Santander,Kilómetro 2 Vía al Mar No 0 – 32 ,Johnny Garcia,Coordinador Jr Mantenimiento,3235675679
921,Bucaramanga - Granada (QPRO),Bucaramanga,Santander,Carrera 19 No. 28-38,Johnny Garcia,Coordinador Jr Mantenimiento,3235675679
922,Bucaramanga - San Francisco Calle 17 (QPRO),Bucaramanga,Santander,Carrera 19 No. 17 -01/09,Johnny Garcia,Coordinador Jr Mantenimiento,3235675679
948,Bucaramanga - Centro Calle 34 (QPRO),Bucaramanga,Santander,calle 34 #17 50/52,Johnny Garcia,Coordinador Jr Mantenimiento,3235675679
964,San Francisco Calle 14 (QPRO),Bucaramanga,Santander,Calle 14 No. 22 - 62 ,Johnny Garcia,Coordinador Jr Mantenimiento,3235675679
1048,Bucaramanga - San Alonso Cra 27 (QPRO),Bucaramanga,Santander,Carrera 27 No. 18-22,Johnny Garcia,Coordinador Jr Mantenimiento,3235675679
1073,Bucaramanga - Girardot (QPRO),Bucaramanga,Santander,Calle 27 No. 7-23 - Carrera 7 No. 25-43,Johnny Garcia,Coordinador Jr Mantenimiento,3235675679
1175,Bucaramanga - Universidad (QPRO),Bucaramanga,Santander,AVENIDA EDUARDO SANTOS No. 29-05/28-95 ,Johnny Garcia,Coordinador Jr Mantenimiento,3235675679
917,Bucaramanga Mercedes Calle 56 (QPRO),Bucaramanga,Santander,Avenida Samanes No. 27 – 94 Local 2  ,Johnny Garcia,Coordinador Jr Mantenimiento,3235675679
1049,Bucaramanga - Mejoras Publicas (QPRO),Bucaramanga,Santander,Carrera 27 No. 36 – 39,Johnny Garcia,Coordinador Jr Mantenimiento,3235675679
1141,Bucaramanga - Nuevo Sotomayor (QPRO),Bucaramanga,Santander,Carrera 27 No 51-10,Johnny Garcia,Coordinador Jr Mantenimiento,3235675679
1143,Bucaramanga - Alfonso Lopez (QPRO),Bucaramanga,Santander,Calle 45 No 7 – 75,Johnny Garcia,Coordinador Jr Mantenimiento,3235675679
1211,Bucaramanga - Bolivar (QPRO),Bucaramanga,Santander,Carrera 22 # 37 - 56 ,Johnny Garcia,Coordinador Jr Mantenimiento,3235675679
1241,Bucaramanga - Aurora Calle 33 (QPRO),Bucaramanga,Santander,Carrera 33 No 33-34 ,Johnny Garcia,Coordinador Jr Mantenimiento,3235675679
1263,Bucaramanga - Centro Calle 30 (QPRO),Bucaramanga,Santander,Calle 30 No. 16 – 14- Carrera 16 No. 30-21,Johnny Garcia,Coordinador Jr Mantenimiento,3235675679
1324,Bucaramanga - Bolarqui (QPRO),Bucaramanga,Santander,Calle 45 # 29 - 52 ,Johnny Garcia,Coordinador Jr Mantenimiento,3235675679
726,La Concordia ,Cucuta ,Norte de Santander,Avenida 4 No. 38 – 02 Manzana T Lote 12 ,Leny Grimaldos,Coordinador Sr Mantenimiento,3102102100
737,Villas del Rodeo,Cucuta ,Norte de Santander,Calle 20 # 29B - 31,Leny Grimaldos,Coordinador Sr Mantenimiento,3102102100
762,Motilones Calle 7,Cucuta ,Norte de Santander,Calle 7 No. 5 – 03,Leny Grimaldos,Coordinador Sr Mantenimiento,3102102100
765,Chapinero ,Cucuta ,Norte de Santander,Avenida 1 No. 12B-105,Leny Grimaldos,Coordinador Sr Mantenimiento,3102102100
766,Juan Atalaya Calle 4N (PLT),Cucuta ,Norte de Santander,Calle 4N No. 19-20,Leny Grimaldos,Coordinador Sr Mantenimiento,3102102100
773,Dońa Ceci Calle 2,Cucuta ,Norte de Santander,Calle 2 No. 2-75  ,Leny Grimaldos,Coordinador Sr Mantenimiento,3102102100
806,Ospina Pérez (Buenos Aires) (PLT),Cucuta ,Norte de Santander,Calle 25 No. 5 – 69 ,Leny Grimaldos,Coordinador Sr Mantenimiento,3102102100
930,Cucuta - Antonia Santos (QPRO),Cucuta ,Norte de Santander,Calle 18 No 51 - 80 ,Leny Grimaldos,Coordinador Sr Mantenimiento,3102102100
1086,Cucuta - Claret (QPRO),Cucuta ,Norte de Santander,Calle 23N # 23A-05 ,Leny Grimaldos,Coordinador Sr Mantenimiento,3102102100
450,Barrancabermeja,Barrancabermeja,Santander,Calle 49 # 3 – 15,Johnny Garcia,Coordinador Jr Mantenimiento,3235675679
950,Barrancabermeja - Marsella (QPRO),Barrancabermeja,Santander,Carrera 28 No. 39 – 23 ,Johnny Garcia,Coordinador Jr Mantenimiento,3235675679
970,Yondo - Jorge Eliecer Gaitán (QPRO),Yondo,Antioquia,Carrera No 57 No. 48-25/85,Johnny Garcia,Coordinador Jr Mantenimiento,3235675679
1461,Barrancabermeja - Centro Calle 50 (QPRO),Barrancabermeja,Santander,Calle 50 No. 27-51/55 del Barrio Colombia,Johnny Garcia,Coordinador Jr Mantenimiento,3235675679
807,Barrancabermeja El Progreso Calle 59 (QPRO),Barrancabermeja,Santander,Transversal 43 # D 59-06,Johnny Garcia,Coordinador Jr Mantenimiento,3235675679
824,Barrancabermeja - 9 de Abril Calle 44C (QPRO),Barrancabermeja,Santander,Carrera 64 No. 45-15,Johnny Garcia,Coordinador Jr Mantenimiento,3235675679
899,Barrancabermeja - El Boston (QPRO),Barrancabermeja,Santander,Transversal 48 No. D57 – 103 Barrio El Boston,Johnny Garcia,Coordinador Jr Mantenimiento,3235675679
916,Barrancabermeja - La Libertad (QPRO),Barrancabermeja,Santander,Calle 71 No. 23-79,Johnny Garcia,Coordinador Jr Mantenimiento,3235675679
920,Barrancabermeja - Parnaso (QPRO),Barrancabermeja,Santander,Carrea 20 No. 54 – 31/35,Johnny Garcia,Coordinador Jr Mantenimiento,3235675679
1116,Sabana de Torres - Centro (QPRO),Sabana de Torres,Santander,Carrea 11 No. 13 - 32,Johnny Garcia,Coordinador Jr Mantenimiento,3235675679
1182,Barrancabermeja - El Prado,Barrancabermeja,Santander,,Johnny Garcia,Coordinador Jr Mantenimiento,3235675679
1200,Puerto Wilches (QPRO),Puerto Wilches,Santander,Calle 5 # 3 – 45 Barrio Centro,Johnny Garcia,Coordinador Jr Mantenimiento,3235675679
